{
  "rms_norm1_kernel": {
    "avg": 0.017873454545454547,
    "runtime_pct": 7.804235098246649e-05,
    "times_called": 66
  },
  "fused_dequantize1_NT_matmul5_kernel_2": {
    "avg": 2.691072,
    "runtime_pct": 0.005697091621720054,
    "times_called": 32
  },
  "fused_rope_kernel": {
    "avg": 0.012373333333333333,
    "runtime_pct": 0.003772046964152547,
    "times_called": 4608
  },
  "batch_prefill_ragged_kv_kernel": {
    "avg": 0.120832,
    "runtime_pct": 0.00025580548377586237,
    "times_called": 32
  },
  "tir_kv_cache_transpose_append_kernel": {
    "avg": 0.011519999999999999,
    "runtime_pct": 0.0035119057942109917,
    "times_called": 4608
  },
  "fused_dequantize2_fused_NT_matmul6_add1_kernel_2": {
    "avg": 2.250752,
    "runtime_pct": 0.004764919096096148,
    "times_called": 32
  },
  "fused_dequantize3_NT_matmul7_kernel_2": {
    "avg": 14.405632,
    "runtime_pct": 0.03049721648948163,
    "times_called": 32
  },
  "fused_split1_silu1_multiply1_kernel": {
    "avg": 0.043008,
    "runtime_pct": 9.104940947954423e-05,
    "times_called": 32
  },
  "fused_dequantize4_fused_NT_matmul8_add1_kernel_2": {
    "avg": 7.696384,
    "runtime_pct": 0.016293508610672726,
    "times_called": 32
  },
  "index_kernel": {
    "avg": 0.0,
    "runtime_pct": 0.0,
    "times_called": 2
  },
  "fused_dequantize_NT_matmul14_kernel": {
    "avg": 9.441279999999999,
    "runtime_pct": 0.17988761901458525,
    "times_called": 288
  },
  "fused_dequantize_take1_kernel": {
    "avg": 0.02406041958041958,
    "runtime_pct": 0.0004552470473977212,
    "times_called": 286
  },
  "rms_norm2_kernel": {
    "avg": 0.03913550497986861,
    "runtime_pct": 0.024435927229843394,
    "times_called": 9438
  },
  "fused_dequantize1_NT_matmul10_kernel": {
    "avg": 0.24273812587412585,
    "runtime_pct": 0.07348554482232358,
    "times_called": 4576
  },
  "batch_decode_paged_kv_kernel": {
    "avg": 0.1535856783216783,
    "runtime_pct": 0.04649589844088725,
    "times_called": 4576
  },
  "fused_dequantize2_fused_NT_matmul11_add2_kernel": {
    "avg": 0.1668761958041958,
    "runtime_pct": 0.05051941520264997,
    "times_called": 4576
  },
  "fused_dequantize3_NT_matmul12_kernel": {
    "avg": 1.2353736503496504,
    "runtime_pct": 0.3739919529664765,
    "times_called": 4576
  },
  "fused_split2_silu2_multiply2_kernel": {
    "avg": 0.013448055944055943,
    "runtime_pct": 0.004071209309585335,
    "times_called": 4576
  },
  "fused_dequantize4_fused_NT_matmul13_add2_kernel": {
    "avg": 0.5978727832167832,
    "runtime_pct": 0.18099755467300255,
    "times_called": 4576
  },
  "batch_prefill_paged_kv_kernel": {
    "avg": 0.6553599999999999,
    "runtime_pct": 0.0006937097865108132,
    "times_called": 16
  },
  "merge_state_inplace_kernel": {
    "avg": 0.004096,
    "runtime_pct": 4.335686165692583e-06,
    "times_called": 16
  }
}
